attack_cat,device,training_time_sec,accuracy,f1_malicious,precision_malicious,recall_malicious
dos,cuda:2,6.99,0.99921,0.99558,0.99923,0.99196
ddos,cuda:2,4.73,0.99459,0.97113,0.96176,0.98069
backdoor,cuda:2,4.68,0.99993,0.99962,0.99962,0.99962
injection,cuda:2,4.78,0.99149,0.95325,0.96034,0.94626
password,cuda:2,4.72,0.99503,0.97301,0.96649,0.97962
ransomware,cuda:2,4.68,0.9999,0.99944,0.99887,1.0
scanning,cuda:2,4.69,0.99952,0.99738,0.99887,0.99588
xss,cuda:2,4.92,0.99576,0.97651,0.99922,0.95482
