attack_cat,device,training_time_sec,accuracy,f1_malicious,precision_malicious,recall_malicious
full,cuda:2,59.29,0.99187,0.96761,0.96738,0.96784
dos,cuda:2,7.86,0.99757,0.97435,0.97167,0.97704
fuzzers,cuda:2,10.4,0.98852,0.89168,0.80923,0.99284
exploits,cuda:2,19.26,0.99657,0.96464,0.94415,0.98605
generic,cuda:2,52.8,0.99939,0.99664,0.99907,0.99422
reconnaissance,cuda:2,7.75,0.99902,0.98972,0.98256,0.99698
analysis,cuda:2,1.82,0.99875,0.98768,0.97566,1.0
shellcode,cuda:2,1.41,0.99896,0.9901,0.98039,1.0
backdoor,cuda:2,1.61,0.99839,0.98356,0.98356,0.98356
