attack_cat,device,graph_time,train_time,test_time,peak_memory_gpu_0,peak_memory_gpu_1,accuracy,bal_Accuracy,f1_malicious,precision_malicious,recall_malicious
full,cuda:2,0,3.18,1.9696,2322.94,270.94,0.99425,0.97462,0.96778,0.98557,0.95063
dos,cuda:2,0,0.85,1.5916,3032.94,270.94,0.99952,0.99734,0.99733,1.0,0.99468
ddos,cuda:2,0,0.87,1.4872,4598.94,270.94,0.99838,0.99141,0.99099,0.99923,0.9829
backdoor,cuda:2,0,0.72,1.0811,5074.94,270.94,0.99997,0.99998,0.99981,0.99962,1.0
injection,cuda:2,0,0.94,1.6663,6222.94,270.94,0.99889,0.99597,0.99391,0.99543,0.9924
password,cuda:2,0,0.91,1.603,7446.94,270.94,0.99851,0.9932,0.99179,0.99693,0.9867
ransomware,cuda:2,0,0.81,0.9314,8044.94,270.94,0.98804,0.96862,0.93494,0.9252,0.94489
scanning,cuda:2,0,0.81,1.9204,8850.94,270.94,0.9973,0.99647,0.98533,0.97542,0.99544
xss,cuda:2,0,0.96,1.6973,9076.94,270.94,0.99689,0.99675,0.98313,0.97003,0.99658
