attack_cat,device,graph_time,train_time,test_time,accuracy,bal_Accuracy,f1_malicious,precision_malicious,recall_malicious
full,cuda:2,0,3.15,1.9549,0.99425,0.97462,0.96778,0.98557,0.95063
dos,cuda:2,0,0.87,1.6207,0.99952,0.99734,0.99733,1.0,0.99468
ddos,cuda:2,0,0.91,1.4637,0.99838,0.99141,0.99099,0.99923,0.9829
backdoor,cuda:2,0,0.72,1.0006,0.99997,0.99998,0.99981,0.99962,1.0
injection,cuda:2,0,0.88,1.6947,0.99889,0.99597,0.99391,0.99543,0.9924
password,cuda:2,0,0.85,1.6112,0.99851,0.9932,0.99179,0.99693,0.9867
ransomware,cuda:2,0,0.81,0.9943,0.98804,0.96862,0.93494,0.9252,0.94489
scanning,cuda:2,0,0.82,1.6858,0.9973,0.99647,0.98533,0.97542,0.99544
xss,cuda:2,0,0.97,1.8419,0.99689,0.99675,0.98313,0.97003,0.99658
