attack_cat,device,graph_time,train_time,test_time,peak_memory,accuracy,f1_malicious,precision_malicious,recall_malicious
dos,cuda:2,1.41,6.95,0.0538,573.47,0.99945,0.997,1.0,0.99401
ddos,cuda:2,1.45,4.85,0.0475,600.82,0.99427,0.96928,0.95899,0.9798
backdoor,cuda:2,1.26,4.79,0.0474,571.03,0.99997,0.99981,0.99963,1.0
injection,cuda:2,1.23,4.85,0.0472,599.98,0.99203,0.95667,0.95937,0.95398
password,cuda:2,1.16,4.85,0.047,599.94,0.99489,0.97258,0.9633,0.98204
ransomware,cuda:2,1.18,4.81,0.0476,575.02,0.99986,0.99925,0.99851,1.0
scanning,cuda:2,1.22,4.82,0.0465,586.16,0.99931,0.99625,0.9985,0.99401
xss,cuda:2,1.17,4.85,0.0453,592.79,0.99627,0.97938,1.0,0.9596
