attack_cat,device,graph_time,train_time,test_time,peak_memory,accuracy,bal_Accuracy,f1_malicious,precision_malicious,recall_malicious
full,cuda:2,30.93,58.89,0.5708,9375.4,0.99167,0.98008,0.96677,0.96896,0.9646
dos,cuda:2,3.23,7.82,0.0821,1529.57,0.99742,0.98732,0.97393,0.97177,0.9761
fuzzers,cuda:2,4.42,10.43,0.1036,2000.72,0.98838,0.9874,0.89057,0.81178,0.98631
exploits,cuda:2,8.62,19.19,0.1853,3612.49,0.99704,0.98934,0.96917,0.95779,0.98083
generic,cuda:2,27.0,52.06,0.5316,8961.97,0.99942,0.99724,0.99677,0.99898,0.99457
reconnaissance,cuda:2,3.1,7.81,0.081,1500.8,0.99903,0.99662,0.98969,0.98546,0.99396
analysis,cuda:2,0.53,1.79,0.0261,292.36,0.9984,0.99686,0.98329,0.9717,0.99517
shellcode,cuda:2,0.29,1.38,0.0218,174.95,0.99896,0.99761,0.99033,0.98462,0.99611
backdoor,cuda:2,0.45,1.61,0.0244,251.85,0.99799,0.99075,0.97854,0.97436,0.98276
