attack_cat,device,graph_time,train_time,test_time,peak_memory,accuracy,f1_malicious,precision_malicious,recall_malicious
dos,cuda:2,1.44,9.84,0.0536,573.17,0.99917,0.99556,0.99926,0.99189
ddos,cuda:2,1.45,4.97,0.0491,600.64,0.99449,0.97091,0.96368,0.97824
backdoor,cuda:2,1.22,4.9,0.0473,570.87,0.9999,0.99945,0.99926,0.99963
injection,cuda:2,1.25,4.96,0.0488,599.67,0.99161,0.95485,0.96639,0.94358
password,cuda:2,1.18,4.97,0.0479,599.51,0.99508,0.97398,0.96795,0.98009
ransomware,cuda:2,1.17,4.91,0.0473,574.71,0.9999,0.99945,1.0,0.99889
scanning,cuda:2,1.2,4.91,0.0491,585.59,0.99938,0.99668,0.99852,0.99484
xss,cuda:2,1.19,4.96,0.0474,592.72,0.99595,0.97797,0.99923,0.9576
