attack_cat,device,graph_time,train_time,test_time,peak_memory,accuracy,f1_malicious,precision_malicious,recall_malicious
dos,cuda:2,1.43,9.58,0.0535,573.21,0.99938,0.99662,0.99962,0.99364
ddos,cuda:2,1.46,4.75,0.046,600.36,0.99464,0.97121,0.96422,0.97829
backdoor,cuda:2,1.22,4.91,0.0484,570.93,1.0,1.0,1.0,1.0
injection,cuda:2,1.23,4.98,0.0486,599.43,0.99178,0.95511,0.96274,0.9476
password,cuda:2,1.25,5.01,0.0497,599.38,0.99523,0.97439,0.96649,0.98241
ransomware,cuda:2,1.2,4.93,0.0479,574.77,0.9999,0.99944,0.99888,1.0
scanning,cuda:2,1.16,4.92,0.0474,585.51,0.99941,0.99681,0.99812,0.99551
xss,cuda:2,1.21,4.93,0.0486,592.7,0.99589,0.97728,0.99766,0.95771
