attack_cat,device,graph_time,train_time,test_time,peak_memory,accuracy,f1_malicious,precision_malicious,recall_malicious
dos,cuda:2,1.39,7.14,0.0504,573.63,0.99907,0.99479,0.99806,0.99153
ddos,cuda:2,1.44,4.75,0.0479,601.01,0.99387,0.96634,0.9549,0.97806
backdoor,cuda:2,1.21,4.69,0.0479,571.08,0.99983,0.99904,0.99808,1.0
injection,cuda:2,1.17,4.75,0.0468,599.98,0.9911,0.9504,0.95316,0.94765
password,cuda:2,1.25,4.74,0.0493,599.96,0.99404,0.96719,0.95877,0.97575
ransomware,cuda:2,1.19,4.7,0.0472,575.11,1.0,1.0,1.0,1.0
scanning,cuda:2,1.22,4.71,0.0476,586.23,0.99938,0.99653,0.99807,0.995
xss,cuda:2,1.25,4.73,0.0486,592.83,0.99564,0.97517,0.99919,0.95227
