attack_cat,device,graph_time,train_time,test_time,peak_memory,accuracy,f1_malicious,precision_malicious,recall_malicious
full,cuda:2,29.61,59.35,0.4857,9375.37,0.99198,0.96787,0.96846,0.96728
dos,cuda:2,3.18,7.89,0.0737,1528.09,0.99744,0.97298,0.97752,0.96849
fuzzers,cuda:2,4.14,10.35,0.0912,2001.57,0.98871,0.89385,0.81176,0.99441
exploits,cuda:2,8.41,19.19,0.1622,3612.7,0.99685,0.96755,0.95875,0.97651
generic,cuda:2,26.57,52.4,0.4574,8960.06,0.99935,0.99644,0.99895,0.99394
reconnaissance,cuda:2,2.99,7.82,0.0833,1501.29,0.99896,0.98917,0.98645,0.99191
analysis,cuda:2,0.49,1.79,0.023,292.38,0.99888,0.98815,0.97658,1.0
shellcode,cuda:2,0.29,1.39,0.0192,174.26,0.99791,0.97778,0.9607,0.99548
backdoor,cuda:2,0.44,1.61,0.0215,252.54,0.99919,0.99169,0.98895,0.99444
