attack_cat,device,graph_time,train_time,test_time,peak_memory,accuracy,bal_Accuracy,f1_malicious,precision_malicious,recall_malicious
dos,cuda:2,1.4,8.88,0.0597,573.4,0.9991,0.99569,0.99498,0.99845,0.99154
ddos,cuda:2,1.46,4.88,0.0541,600.94,0.99487,0.98904,0.97184,0.96196,0.98193
backdoor,cuda:2,1.19,4.65,0.0548,570.97,0.99993,0.99996,0.99962,0.99923,1.0
injection,cuda:2,1.32,4.88,0.0535,599.99,0.99224,0.97391,0.95671,0.96191,0.95156
password,cuda:2,1.35,4.89,0.0554,599.8,0.99498,0.98754,0.9723,0.96621,0.97847
ransomware,cuda:2,1.2,4.83,0.0536,574.89,1.0,1.0,1.0,1.0,1.0
scanning,cuda:2,1.37,4.7,0.053,585.72,0.99938,0.99775,0.99654,0.9973,0.99577
xss,cuda:2,1.27,4.7,0.0545,592.78,0.99671,0.9833,0.98146,0.99643,0.96694
full,cuda:2,14.29,40.03,0.3449,3927.17,0.99811,0.995,0.98973,0.98827,0.9912
