attack_cat,device,graph_time,train_time,test_time,peak_memory,accuracy,f1_malicious,precision_malicious,recall_malicious
full,cuda:2,30.32,59.95,0.4823,9378.38,0.99175,0.96666,0.97281,0.9606
dos,cuda:2,3.12,7.83,0.072,1528.74,0.99732,0.97225,0.96664,0.97792
fuzzers,cuda:2,4.3,10.4,0.091,2002.46,0.98838,0.89027,0.81215,0.98502
exploits,cuda:2,8.39,19.33,0.1628,3611.84,0.9966,0.96525,0.95451,0.97624
generic,cuda:2,26.24,52.45,0.4718,8960.93,0.99934,0.99636,0.99877,0.99396
reconnaissance,cuda:2,3.0,7.82,0.0718,1500.72,0.99866,0.98607,0.98857,0.98358
analysis,cuda:2,0.52,1.8,0.0232,292.36,0.9984,0.98376,0.97025,0.99765
shellcode,cuda:2,0.28,1.39,0.0191,174.55,0.99756,0.97309,0.95175,0.99541
backdoor,cuda:2,0.44,1.61,0.0214,251.86,0.99866,0.98596,0.98596,0.98596
