attack_cat,device,graph_time,train_time,test_time,peak_memory,accuracy,bal_Accuracy,f1_malicious,precision_malicious,recall_malicious
dos,cuda:2,1.37,9.29,0.0607,573.45,0.99903,0.99545,0.99456,0.99805,0.9911
ddos,cuda:2,1.45,4.9,0.0537,600.59,0.99475,0.98961,0.97096,0.95887,0.98336
backdoor,cuda:2,1.18,4.83,0.0542,571.01,0.99993,0.99961,0.99961,1.0,0.99923
injection,cuda:2,1.25,4.9,0.0538,599.57,0.99189,0.97425,0.95445,0.95612,0.95279
password,cuda:2,1.22,4.9,0.0563,599.65,0.99444,0.9863,0.96908,0.96188,0.97639
ransomware,cuda:2,1.25,4.84,0.054,574.94,0.99983,0.99991,0.99903,0.99807,1.0
scanning,cuda:2,1.19,4.87,0.0536,585.64,0.99955,0.99783,0.99748,0.99922,0.99574
xss,cuda:2,1.16,4.88,0.0557,592.77,0.99638,0.97986,0.97927,0.9996,0.95975
full,cuda:2,14.26,37.67,0.339,3927.49,0.9981,0.99644,0.98963,0.98489,0.99441
