attack_cat,device,graph_time,train_time,test_time,peak_memory,accuracy,f1_malicious,precision_malicious,recall_malicious
full,cuda:2,30.07,60.49,0.4765,9375.8,0.99147,0.96577,0.97184,0.95978
dos,cuda:2,3.19,7.83,0.0712,1528.24,0.9972,0.97061,0.97061,0.97061
fuzzers,cuda:2,4.36,10.35,0.092,1998.51,0.98847,0.89187,0.81076,0.99101
exploits,cuda:2,8.6,19.19,0.1598,3611.47,0.99675,0.96641,0.95899,0.97395
generic,cuda:2,26.36,52.97,0.4538,8960.32,0.99937,0.99651,0.99883,0.9942
reconnaissance,cuda:2,3.07,7.75,0.0717,1501.22,0.99884,0.98792,0.98313,0.99276
analysis,cuda:2,0.51,1.8,0.0231,292.45,0.99875,0.98734,0.975,1.0
shellcode,cuda:2,0.28,1.39,0.0195,174.51,0.99836,0.98312,0.9668,1.0
backdoor,cuda:2,0.44,1.61,0.0214,252.36,0.9988,0.98727,0.98867,0.98588
