attack_cat,device,graph_time,train_time,test_time,peak_memory,accuracy,f1_malicious,precision_malicious,recall_malicious
dos,cuda:2,18.9,9.93,0.0651,1055.52,0.99931,0.99619,0.99847,0.99392
ddos,cuda:2,20.23,8.42,0.0609,1091.39,0.999,0.99449,0.99355,0.99544
backdoor,cuda:2,19.13,8.38,0.058,1054.71,0.99997,0.99981,1.0,0.99962
injection,cuda:2,20.52,8.36,0.0604,1089.74,0.99917,0.99543,0.99771,0.99316
password,cuda:2,19.77,8.86,0.0626,1089.59,0.99952,0.99734,0.99696,0.99772
ransomware,cuda:2,19.33,8.41,0.0587,1057.22,1.0,1.0,1.0,1.0
scanning,cuda:2,20.27,8.38,0.0589,1071.08,0.99946,0.99705,0.9981,0.99601
xss,cuda:2,19.89,8.92,0.0639,1078.48,0.99948,0.99714,1.0,0.9943
