attack_cat,device,graph_time,train_time,test_time,peak_memory,accuracy,bal_Accuracy,f1_malicious,precision_malicious,recall_malicious
full,cuda,8.6,62.27,0.4773,7626.97,0.99841,0.99499,0.99124,0.99168,0.99081
dos,cuda,0.69,8.28,0.0746,1055.14,0.99934,0.9969,0.99638,0.99885,0.99392
ddos,cuda,0.64,8.42,0.0732,1090.25,0.99886,0.99664,0.99373,0.99354,0.99392
backdoor,cuda,0.63,7.87,0.0713,1051.86,0.99993,0.99979,0.99962,0.99962,0.99962
injection,cuda,0.64,7.97,0.0716,1089.1,0.999,0.99603,0.99448,0.99656,0.9924
password,cuda,0.65,7.97,0.0711,1088.22,0.99952,0.99854,0.99734,0.99734,0.99734
ransomware,cuda,0.63,7.85,0.0705,1054.86,0.99986,0.99992,0.99924,0.99848,1.0
scanning,cuda,0.63,8.26,0.0716,1069.45,0.99945,0.99781,0.99696,0.9981,0.99582
xss,cuda,0.64,7.95,0.0713,1076.46,0.99945,0.99696,0.99695,1.0,0.99392
