attack_cat,device,graph_time,train_time,test_time,peak_memory,accuracy,bal_Accuracy,f1_malicious,precision_malicious,recall_malicious
full,cuda,19.16,101.42,0.7752,16139.82,0.99163,0.98073,0.9666,0.96702,0.96618
dos,cuda,1.95,13.42,0.0958,2533.06,0.99816,0.98945,0.98065,0.98147,0.97982
fuzzers,cuda,2.67,17.89,0.1303,3307.83,0.98869,0.99191,0.89338,0.81029,0.99548
exploits,cuda,5.2,33.9,0.2285,6020.48,0.99713,0.98923,0.97015,0.96002,0.9805
generic,cuda,16.98,91.61,0.7029,15405.63,0.99946,0.99763,0.99702,0.99865,0.99539
reconnaissance,cuda,1.86,13.26,0.0981,2478.92,0.99951,0.99771,0.99487,0.99402,0.99572
analysis,cuda,0.28,2.51,0.0277,473.68,0.99864,0.99815,0.98585,0.97436,0.99761
shellcode,cuda,0.16,1.52,0.0225,276.15,0.99835,0.99707,0.98283,0.97034,0.99565
backdoor,cuda,0.24,2.18,0.0261,406.11,0.99805,0.98757,0.97945,0.98293,0.97599
