attack_cat,device,graph_time,train_time,test_time,peak_memory,accuracy,f1_malicious,precision_malicious,recall_malicious
dos,cuda:2,18.69,10.21,0.0648,1055.52,0.99931,0.99619,0.99847,0.99392
ddos,cuda:2,19.88,8.47,0.0637,1091.39,0.999,0.99449,0.99355,0.99544
backdoor,cuda:2,18.94,8.4,0.0586,1054.71,0.99993,0.99962,0.99962,0.99962
injection,cuda:2,20.27,8.36,0.0607,1089.74,0.99915,0.99534,0.99676,0.99392
password,cuda:2,19.37,8.86,0.0641,1089.59,0.99952,0.99734,0.9981,0.99658
ransomware,cuda:2,19.03,8.44,0.0581,1057.22,0.99986,0.99924,0.99848,1.0
scanning,cuda:2,19.93,8.4,0.059,1071.08,0.99948,0.99715,0.9981,0.9962
xss,cuda:2,19.5,8.91,0.0624,1078.48,0.99934,0.99638,0.99962,0.99316
