attack_cat,device,graph_time,train_time,test_time,peak_memory,accuracy,f1_malicious,precision_malicious,recall_malicious
full,cuda:2,19.05,102.62,0.6287,16139.82,0.99177,0.96711,0.96902,0.96521
dos,cuda:2,1.95,13.34,0.082,2533.47,0.99798,0.97859,0.98717,0.97016
fuzzers,cuda:2,2.61,17.96,0.1286,3307.57,0.9887,0.89351,0.81049,0.99548
exploits,cuda:2,5.28,33.81,0.1909,6018.14,0.997,0.96873,0.96013,0.97749
generic,cuda:2,17.44,91.46,0.5683,15403.39,0.99947,0.99706,0.99886,0.99527
reconnaissance,cuda:2,1.88,13.17,0.0804,2478.64,0.99955,0.9953,0.99403,0.99658
analysis,cuda:2,0.28,2.5,0.0241,473.68,0.99864,0.98585,0.97436,0.99761
shellcode,cuda:2,0.16,1.52,0.0193,276.15,0.99835,0.98283,0.97034,0.99565
backdoor,cuda:2,0.24,2.18,0.0234,406.11,0.99839,0.98305,0.98305,0.98305
