attack_cat,device,training_time_sec,accuracy,f1_malicious,precision_malicious,recall_malicious
full,cuda,93.4,0.99176,0.9671,0.96755,0.96665
dos,cuda,13.59,0.9981,0.97997,0.98328,0.97667
fuzzers,cuda,18.28,0.98849,0.89054,0.81355,0.98362
exploits,cuda,33.13,0.99706,0.96945,0.95793,0.98126
generic,cuda,87.16,0.99942,0.99682,0.99894,0.99471
reconnaissance,cuda,13.42,0.99958,0.99562,0.99509,0.99615
analysis,cuda,2.54,0.99864,0.98585,0.97436,0.99761
shellcode,cuda,1.53,0.99835,0.98283,0.97034,0.99565
backdoor,cuda,2.21,0.99792,0.97803,0.98151,0.97458
