attack_cat,device,graph_time,train_time,test_time,peak_memory,accuracy,f1_malicious,precision_malicious,recall_malicious
dos,cuda:2,19.04,10.01,0.0649,1055.52,0.99934,0.99638,0.99847,0.9943
ddos,cuda:2,20.44,8.42,0.0606,1091.39,0.99889,0.99392,0.99354,0.9943
backdoor,cuda:2,19.35,8.36,0.058,1054.71,0.99997,0.99981,1.0,0.99962
injection,cuda:2,20.8,8.34,0.0601,1089.74,0.99921,0.99562,0.99657,0.99468
password,cuda:2,20.11,8.87,0.0634,1089.59,0.99953,0.99743,0.9981,0.99677
ransomware,cuda:2,19.61,8.42,0.0594,1057.22,1.0,1.0,1.0,1.0
scanning,cuda:2,20.47,8.36,0.0601,1071.08,0.99948,0.99715,0.9981,0.9962
xss,cuda:2,20.22,8.94,0.0639,1078.48,0.99943,0.99685,1.0,0.99373
