attack_cat,device,graph_time,train_time,test_time,peak_memory,accuracy,f1_malicious,precision_malicious,recall_malicious
full,cuda:2,18.92,101.26,0.6373,16139.82,0.99172,0.96691,0.96799,0.96582
dos,cuda:2,1.92,13.32,0.081,2533.47,0.99773,0.97618,0.97465,0.97772
fuzzers,cuda:2,2.6,17.92,0.1292,3307.57,0.98854,0.89151,0.81147,0.98908
exploits,cuda:2,5.18,33.85,0.1932,6018.14,0.99709,0.96967,0.96295,0.97649
generic,cuda:2,16.87,91.51,0.5686,15403.39,0.99941,0.99676,0.99885,0.99468
reconnaissance,cuda:2,1.84,13.17,0.0804,2478.64,0.99955,0.9953,0.99403,0.99658
analysis,cuda:2,0.28,2.5,0.0241,473.68,0.99864,0.98585,0.97436,0.99761
shellcode,cuda:2,0.16,1.52,0.0194,276.15,0.99835,0.98283,0.97034,0.99565
backdoor,cuda:2,0.25,2.18,0.0231,406.11,0.99785,0.97721,0.98563,0.96893
