attack_cat,device,graph_time,train_time,test_time,accuracy,bal_Accuracy,f1_malicious,precision_malicious,recall_malicious
full,2×GPU,0,292.66,170.0914,0.99439,0.9834,0.97742,0.98627,0.96873
dos,2×GPU,0,32.35,23.434,0.99876,0.99396,0.98699,0.98534,0.98865
fuzzers,2×GPU,0,37.89,31.0318,0.98976,0.98722,0.90156,0.83158,0.9844
exploits,2×GPU,0,70.36,56.3427,0.99851,0.99254,0.98438,0.98282,0.98594
generic,2×GPU,0,298.44,161.4946,0.99978,0.99904,0.99877,0.9994,0.99815
reconnaissance,2×GPU,0,29.12,22.9897,0.99951,0.99731,0.99487,0.99487,0.99487
analysis,2×GPU,0,14.73,5.4194,0.99841,0.99576,0.98345,0.97424,0.99284
shellcode,2×GPU,0,13.69,3.5021,0.99938,0.99967,0.99352,0.98712,1.0
backdoor,2×GPU,0,14.69,4.6137,0.99919,0.99689,0.99155,0.98876,0.99435
